<?xml version="1.0" encoding="utf-8"?>
<demos><!--This is an autogenerated file, please do not modify-->
   <name>GenerateJavaScriptUsingMATLABCoder</name>
   <type>toolbox</type>
   <icon>HelpIcon.DEMOS</icon>
   <website/>
   <description>Generate JavaScript using MATLAB Coder Add-On in combination with the Emscripten compiler converts your MATLAB functions into high-performance, client-side JavaScript/WebAssembly apps and libraries. Generated code can be compiled, embedded, and run in any modern browser; including, Google Chrome, Mozilla FireFox, Microsoft Edge, and Apple Safari. The generated code can also be run in standalone JavaScript engines, such as NodeJS.</description>
   <demosection>
      <label>doc</label>
      <demoitem>
         <label>Setup</label>
         <type>other</type>
         <source>Setup</source>
         <file>doc/html/Setup.html</file>
      </demoitem>
   </demosection>
   <demosection>
      <label>useProject</label>
      <demoitem>
         <label>CreateApp</label>
         <type>other</type>
         <source>CreateApp</source>
         <file>doc/useProject/html/CreateApp.html</file>
      </demoitem>
      <demoitem>
         <label>CreateAppWithCallbacks</label>
         <type>other</type>
         <source>CreateAppWithCallbacks</source>
         <file>doc/useProject/html/CreateAppWithCallbacks.html</file>
      </demoitem>
      <demoitem>
         <label>CreateAppWithSharedData</label>
         <type>other</type>
         <source>CreateAppWithSharedData</source>
         <file>doc/useProject/html/CreateAppWithSharedData.html</file>
      </demoitem>
      <demoitem>
         <label>PassingDataArray</label>
         <type>other</type>
         <source>PassingDataArray</source>
         <file>doc/useProject/html/PassingDataArray.html</file>
      </demoitem>
      <demoitem>
         <label>PublishAppToGithubPages</label>
         <type>other</type>
         <source>PublishAppToGithubPages</source>
         <file>doc/useProject/html/PublishAppToGithubPages.html</file>
      </demoitem>
   </demosection>
   <demosection>
      <label>useCoderApp</label>
      <demoitem>
         <label>UsingEmscriptenWithMATLABCoderApp</label>
         <type>other</type>
         <source>UsingEmscriptenWithMATLABCoderApp</source>
         <file>doc/useCoderApp/html/UsingEmscriptenWithMATLABCoderApp.html</file>
      </demoitem>
   </demosection>
</demos>